"FRPリストID","FRPリスト名","field5","図番"
"zcrm_7345477000025793155","FRPタンク（槽のみ）　横型","022593000",""
"zcrm_7345477000025793156","FRPタンク（槽のみ）　横型","022594000",""
"zcrm_7345477000025793157","FRPタンク（槽のみ）　横型","022595000",""
"zcrm_7345477000025793158","FRPタンク（槽のみ）　横型","022596000",""
"zcrm_7345477000025793159","FRPタンク（槽のみ）　横型","022597000",""
"zcrm_7345477000025793160","FRPタンク（槽のみ）　横型","022598000",""
"zcrm_7345477000025793161","FRPタンク（槽のみ）　横型","022600000",""
"zcrm_7345477000025793162","FRPタンク（槽のみ）　横型","022601000",""
"zcrm_7345477000025793163","FRPタンク（槽のみ）　横型","022603000",""
"zcrm_7345477000025793164","FRPタンク（槽のみ）　横型","022604000",""
"zcrm_7345477000025793165","FRPタンク（槽のみ）　横型","022612000",""
"zcrm_7345477000025793166","FRPタンク（槽のみ）　横型","022613000",""
"zcrm_7345477000025793167","FRPタンク（槽のみ）　横型","022614000",""
"zcrm_7345477000025793168","FRPタンク（槽のみ）　横型","022615000",""
"zcrm_7345477000025793169","FRPタンク（槽のみ）　横型","022616000",""
"zcrm_7345477000025793170","FRPタンク（槽のみ）　横型","022617000",""
"zcrm_7345477000025793171","FRPタンク（槽のみ）　横型","022618000",""
"zcrm_7345477000025793172","FRPタンク（槽のみ）　横型","022619000",""
"zcrm_7345477000025793173","FRPタンク（槽のみ）　横型","022620000",""
"zcrm_7345477000025793174","FRPタンク（槽のみ）　横型","022622000",""
"zcrm_7345477000025793175","FRPタンク（槽のみ）　横型","022628000",""
"zcrm_7345477000025793176","FRPタンク（槽のみ）　横型","022631000",""
"zcrm_7345477000025793177","FRPタンク（槽のみ）　横型","022634000",""
"zcrm_7345477000025793178","FRPタンク（槽のみ）　横型","022637000",""
"zcrm_7345477000025793179","FRPタンク（槽のみ）　横型","022638000",""
"zcrm_7345477000025793180","FRPタンク（槽のみ）　横型","022639000",""
"zcrm_7345477000025793181","FRPタンク（槽のみ）　横型","022640000",""
"zcrm_7345477000025793182","FRPタンク（槽のみ）　横型","022641000",""
"zcrm_7345477000025793183","FRPタンク（槽のみ）　横型","022642000",""
"zcrm_7345477000025793184","FRPタンク（槽のみ）　横型","022643000",""
